City Name,Temperature,Weather Condition
Accra,27 °C,N/A
Addis Ababa,15 °C,N/A
Adelaide,11 °C,N/A
Algiers,29 °C,N/A
Almaty,22 °C,N/A
Amman,32 °C,N/A
Amsterdam,17 °C,N/A
Anadyr,6 °C,N/A
Anchorage,11 °C,N/A
Ankara,27 °C,N/A
Antananarivo,22 °C,N/A
Asuncion,21 °C,N/A
Athens,32 °C,N/A
Atlanta,18 °C,N/A
Auckland,11 °C,N/A
Bangkok,29 °C,N/A
Barcelona,26 °C,N/A
Beijing,26 °C,N/A
Beirut,30 °C,N/A
Belgrade,25 °C,N/A
Bengaluru,24 °C,N/A
Berlin,22 °C,N/A
Bogota,15 °C,N/A
Boston,17 °C,N/A
Brasilia,28 °C,N/A
Brisbane,14 °C,N/A
Brussels,18 °C,N/A
Bucharest,26 °C,N/A
Budapest,23 °C,N/A
Buenos Aires,18 °C,N/A
Cairo,33 °C,N/A
Calgary,9 °C,N/A
Canberra,4 °C,N/A
Cape Town,19 °C,N/A
Caracas,28 °C,N/A
Casablanca,25 °C,N/A
Chicago,22 °C,N/A
Copenhagen,20 °C,N/A
Dallas,22 °C,N/A
Dar es Salaam,28 °C,N/A
Darwin,28 °C,N/A
Denver,18 °C,N/A
Detroit,18 °C,N/A
Dhaka,29 °C,N/A
Doha,35 °C,N/A
Dubai,37 °C,N/A
Dublin,15 °C,N/A
Edmonton,5 °C,N/A
Frankfurt,19 °C,N/A
Guatemala City,18 °C,N/A
Halifax,16 °C,N/A
Hanoi,28 °C,N/A
Harare,27 °C,N/A
Havana,26 °C,N/A
Helsinki,21 °C,N/A
Hong Kong,29 °C,N/A
Honolulu,26 °C,N/A
Houston,26 °C,N/A
Indianapolis,16 °C,N/A
Islamabad,33 °C,N/A
Istanbul,28 °C,N/A
Jakarta,27 °C,N/A
Jerusalem,30 °C,N/A
Johannesburg,27 °C,N/A
Karachi,27 °C,N/A
Kathmandu,23 °C,N/A
Kingston,30 °C,N/A
Kinshasa,31 °C,N/A
Kolkata,31 °C,N/A
Kuala Lumpur,27 °C,N/A
